Source,Relationship,Target
校园安全事件, 导致, 生命财产损失
校园安全事件, 导致, 社会信任降低
教育政策争议, 导致, 教育资源分配调整
教育政策争议, 导致, 社会舆论压力增大
学术诚信问题, 导致, 学术声誉受损
学术诚信问题, 导致, 社会信任降低
校园环境问题, 导致, 环境污染
校园环境问题, 导致, 公众关注度提高
学生心理健康问题, 导致, 心理健康影响
学生心理健康问题, 导致, 家庭担忧加剧
生命财产损失, 导致, 公众关注度提高
社会信任降低, 导致, 社会舆论压力增大
学术声誉受损, 导致, 教育资源分配调整
环境污染, 导致, 公众关注度提高
心理健康影响, 导致, 家庭担忧加剧
公众关注度提高, 促使, 加强安全管理
公众关注度提高, 促使, 改善校园环境
社会舆论压力增大, 促使, 提高教育透明度
社会舆论压力增大, 促使, 开展心理咨询活动
教育资源分配调整, 促使, 制定学术规范
家庭担忧加剧, 促使, 开展心理咨询活动
加强安全管理, 需要, 监控系统建立
加强安全管理, 需要, 投诉举报渠道
提高教育透明度, 需要, 数据分析
提高教育透明度, 需要, 社交媒体监测
制定学术规范, 需要, 数据分析
制定学术规范, 需要, 投诉举报渠道
改善校园环境, 需要, 监控系统建立
改善校园环境, 需要, 数据分析
开展心理咨询活动, 需要, 心理健康评估
开展心理咨询活动, 需要, 社交媒体监测
学校, 负责, 加强安全管理
学校, 负责, 制定学术规范
社会, 负责, 提高教育透明度
社会, 负责, 改善校园环境
学生, 参与, 开展心理咨询活动
政府, 参与, 教育资源分配调整
政府, 参与, 提高教育透明度
校园暴力, 类型, 舆情事件
交通意外, 类型, 舆情事件
招生政策争议, 类型, 舆情事件
学费标准争议, 类型, 舆情事件
学术不端行为, 类型, 舆情事件
校园食品卫生问题, 类型, 舆情事件
校园环境安全问题, 类型, 舆情事件
学生心理健康问题, 类型, 舆情事件
生命财产损失, 类型, 危害
社会信任降低, 类型, 危害
教育资源分配调整, 类型, 危害
社会舆论压力增大, 类型, 危害
学术声誉受损, 类型, 危害
环境污染, 类型, 危害
公众关注度提高, 类型, 危害
心理健康影响, 类型, 危害
家庭担忧加剧, 类型, 危害
公众关注度提高, 类型, 社会影响
社会舆论压力增大, 类型, 社会影响
教育资源分配调整, 类型, 社会影响
家庭担忧加剧, 类型, 社会影响
加强安全管理, 类型, 措施
提高教育透明度, 类型, 措施
制定学术规范, 类型, 措施
改善校园环境, 类型, 措施
开展心理咨询活动, 类型, 措施
监控系统建立, 类型, 检测方法
投诉举报渠道, 类型, 检测方法
数据分析, 类型, 检测方法
社交媒体监测, 类型, 检测方法
心理健康评估, 类型, 检测方法
学校, 类型, 角色
社会, 类型, 角色
学生, 类型, 角色
政府, 类型, 角色
校园暴力事件, 类型, 事件
交通意外事故, 类型, 事件
招生政策, 类型, 政策
学费标准, 类型, 政策
抄袭行为, 类型, 事件
作弊行为, 类型, 事件
食品中毒事件, 类型, 事件
环境污染事件, 类型, 事件
心理辅导活动, 类型, 活动
心理健康讲座, 类型, 活动
监控摄像头, 类型, 设备
在线投诉平台, 类型, 平台
大数据分析工具, 类型, 工具
社交媒体账号, 类型, 平台
心理健康问卷, 类型, 工具
校园暴力事件, 导致, 生命财产损失
校园暴力事件, 导致, 社会信任降低
交通意外事故, 导致, 生命财产损失
交通意外事故, 导致, 社会信任降低
招生政策争议, 导致, 教育资源分配调整
学费标准争议, 导致, 社会舆论压力增大
抄袭行为, 导致, 学术声誉受损
抄袭行为, 导致, 社会信任降低
作弊行为, 导致, 学术声誉受损
作弊行为, 导致, 社会信任降低
食品中毒事件, 导致, 环境污染
食品中毒事件, 导致, 公众关注度提高
环境污染事件, 导致, 环境污染
环境污染事件, 导致, 公众关注度提高
学生心理健康问题, 导致, 心理健康影响
学生心理健康问题, 导致, 家庭担忧加剧
生命财产损失, 导致, 公众关注度提高
社会信任降低, 导致, 社会舆论压力增大
学术声誉受损, 导致, 教育资源分配调整
环境污染, 导致, 公众关注度提高
心理健康影响, 导致, 家庭担忧加剧
公众关注度提高, 促使, 加强安全管理
公众关注度提高, 促使, 改善校园环境
社会舆论压力增大, 促使, 提高教育透明度
社会舆论压力增大, 促使, 开展心理咨询活动
教育资源分配调整, 促使, 制定学术规范
家庭担忧加剧, 促使, 开展心理咨询活动
加强安全管理, 需要, 监控系统建立
加强安全管理, 需要, 投诉举报渠道
提高教育透明度, 需要, 数据分析
提高教育透明度, 需要, 社交媒体监测
制定学术规范, 需要, 数据分析
制定学术规范, 需要, 投诉举报渠道
改善校园环境, 需要, 监控系统建立
改善校园环境, 需要, 数据分析
开展心理咨询活动, 需要, 心理健康评估
开展心理咨询活动, 需要, 社交媒体监测
学校, 负责, 加强安全管理
学校, 负责, 制定学术规范
社会, 负责, 提高教育透明度
社会, 负责, 改善校园环境
学生, 参与, 开展心理咨询活动
政府, 参与, 教育资源分配调整
政府, 参与, 提高教育透明度
监控摄像头, 用于, 监控系统建立
在线投诉平台, 用于, 投诉举报渠道
大数据分析工具, 用于, 数据分析
社交媒体账号, 用于, 社交媒体监测
心理健康问卷, 用于, 心理健康评估